{
  "mu_mean": -0.012260930427759295,
  "mu_std": 0.3517343611756723,
  "mu_min": -4.023313066709182,
  "mu_max": 1.6459954484660584,
  "sigma2_mean": 0.0777020613283544,
  "sigma2_std": 0.14696968662213555,
  "sigma2_min": 0.00010456673255300946,
  "sigma2_max": 1.942226575000304,
  "alpha_mean": 0.05,
  "alpha_std": 0.05836709224959614,
  "alpha_min": 3.3233644522061683e-06,
  "alpha_max": 0.18626495522412503,
  "alpha_sum": 1.0,
  "dominant_components": [
    11,
    12,
    3,
    13,
    8
  ],
  "epoch": 52000,
  "k": 20,
  "z_size": 128
}